City_ID,City,Country,Date,Lat,Lng,Max Temp,Humidity,Cloudiness,Wind Speed,Current Description
0,Bluff,NZ,2021-10-31 02:26:26,-46.6,168.3333,49.51,76,100,28.23,overcast clouds
1,Uribia,CO,2021-10-31 02:26:26,11.7139,-72.266,78.33,83,100,5.41,overcast clouds
2,Nalut,LY,2021-10-31 02:26:26,30.3333,10.85,65.52,40,29,4.5,scattered clouds
3,Dingle,PH,2021-10-31 02:26:26,10.9995,122.6711,82.63,78,81,15.41,broken clouds
4,Whitehorse,CA,2021-10-31 02:26:27,60.7161,-135.0538,36.37,69,75,13.0,broken clouds
5,Savonlinna,FI,2021-10-31 02:26:27,61.8699,28.88,44.65,87,90,6.91,overcast clouds
6,Paamiut,GL,2021-10-31 02:23:19,61.994,-49.6678,32.52,84,100,9.19,overcast clouds
7,Punta Arenas,CL,2021-10-31 02:22:23,-53.15,-70.9167,42.91,70,0,4.61,clear sky
8,Eggenfelden,DE,2021-10-31 02:26:28,48.4054,12.7626,47.82,97,99,2.64,overcast clouds
9,Tias,ES,2021-10-31 02:26:28,28.9611,-13.645,65.95,82,0,10.36,clear sky
10,Hualmay,PE,2021-10-31 02:26:28,-11.0964,-77.6139,63.32,82,96,7.4,overcast clouds
11,Ushuaia,AR,2021-10-31 02:22:35,-54.8,-68.3,46.06,53,0,13.8,clear sky
12,Rikitea,PF,2021-10-31 02:26:28,-23.1203,-134.9692,74.59,87,100,21.83,moderate rain
13,Saint George,US,2021-10-31 02:22:37,37.1041,-113.5841,69.35,47,1,1.01,clear sky
14,Yeppoon,AU,2021-10-31 02:26:29,-23.1333,150.7333,89.38,57,59,11.56,broken clouds
15,Lebu,CL,2021-10-31 02:26:29,-37.6167,-73.65,51.49,89,100,10.85,overcast clouds
16,Padang,ID,2021-10-31 02:26:30,-0.9492,100.3543,78.85,81,99,1.43,overcast clouds
17,Busselton,AU,2021-10-31 02:26:30,-33.65,115.3333,66.04,63,97,3.49,overcast clouds
18,Concordia,AR,2021-10-31 02:26:30,-31.393,-58.0209,75.78,64,0,1.99,clear sky
19,Birao,CF,2021-10-31 02:26:30,10.2849,22.7882,73.31,33,100,2.3,overcast clouds
20,Cape Town,ZA,2021-10-31 02:23:04,-33.9258,18.4232,61.09,88,0,1.01,clear sky
21,Lazaro Cardenas,MX,2021-10-31 02:26:31,17.9583,-102.2,78.84,81,7,2.28,clear sky
22,Maningrida,AU,2021-10-31 02:26:31,-12.0667,134.2667,92.48,49,35,9.48,scattered clouds
23,Leshukonskoye,RU,2021-10-31 02:26:31,64.8989,45.7622,34.0,99,100,5.66,snow
24,Oriximina,BR,2021-10-31 02:26:32,-1.7656,-55.8661,76.98,80,97,3.85,overcast clouds
25,Hilo,US,2021-10-31 02:23:27,19.7297,-155.09,80.33,78,75,8.05,broken clouds
26,Luanda,AO,2021-10-31 02:25:41,-8.8368,13.2343,75.2,83,75,8.05,broken clouds
27,Port Alfred,ZA,2021-10-31 02:26:10,-33.5906,26.891,65.05,79,73,3.47,broken clouds
28,Atar,MR,2021-10-31 02:26:33,20.5169,-13.0499,80.38,25,99,4.21,overcast clouds
29,Kansk,RU,2021-10-31 02:26:33,56.2017,95.7175,30.7,69,100,7.72,overcast clouds
30,Flinders,AU,2021-10-31 02:26:33,-34.5833,150.8552,70.81,60,4,10.49,clear sky
31,Hobart,AU,2021-10-31 02:21:58,-42.8794,147.3294,61.11,55,75,5.01,broken clouds
32,Kodiak,US,2021-10-31 02:26:34,57.79,-152.4072,47.71,81,90,27.63,moderate rain
33,Port Blair,IN,2021-10-31 02:26:34,11.6667,92.75,82.81,76,100,5.73,overcast clouds
34,Hermanus,ZA,2021-10-31 02:26:34,-34.4187,19.2345,59.9,88,70,9.28,broken clouds
35,Sabang,ID,2021-10-31 02:24:31,5.8933,95.3214,79.59,82,100,17.07,moderate rain
36,Ilulissat,GL,2021-10-31 02:26:35,69.2167,-51.1,35.62,75,90,13.8,light intensity shower rain
37,Tuktoyaktuk,CA,2021-10-31 02:26:35,69.4541,-133.0374,15.8,100,75,9.22,broken clouds
38,Chapais,CA,2021-10-31 02:25:16,49.7834,-74.8492,44.38,75,100,7.0,overcast clouds
39,Sharan,RU,2021-10-31 02:26:35,54.8167,54.0,42.87,98,100,8.12,overcast clouds
40,Mataura,NZ,2021-10-31 02:26:05,-46.1927,168.8643,45.75,98,100,12.71,overcast clouds
41,Necochea,AR,2021-10-31 02:26:36,-38.5473,-58.7368,54.03,80,88,14.43,overcast clouds
42,Georgetown,MY,2021-10-31 02:26:36,5.4112,100.3354,83.89,76,20,1.01,few clouds
43,Saskylakh,RU,2021-10-31 02:26:36,71.9167,114.0833,12.51,94,100,10.89,overcast clouds
44,Ginir,ET,2021-10-31 02:26:37,7.1333,40.7,54.09,54,71,6.15,broken clouds
45,Chuy,UY,2021-10-31 02:27:37,-33.6971,-53.4616,64.24,91,1,9.48,clear sky
46,Sibolga,ID,2021-10-31 02:27:38,1.7427,98.7792,80.37,81,100,0.83,overcast clouds
47,Cabo San Lucas,MX,2021-10-31 02:22:45,22.8909,-109.9124,80.62,75,14,4.0,few clouds
48,Okha,RU,2021-10-31 02:27:01,53.5739,142.9478,31.84,57,100,17.72,overcast clouds
49,Edd,ER,2021-10-31 02:27:38,13.9297,41.6925,85.3,57,64,15.88,broken clouds
50,Beringovskiy,RU,2021-10-31 02:24:53,63.05,179.3167,9.95,95,100,20.07,light snow
51,Geraldton,AU,2021-10-31 02:27:38,-28.7667,114.6,72.12,49,0,12.66,clear sky
52,Arraial Do Cabo,BR,2021-10-31 02:24:12,-22.9661,-42.0278,70.68,88,100,17.29,overcast clouds
53,Port Hardy,CA,2021-10-31 02:27:39,50.6996,-127.4199,44.6,93,20,6.91,few clouds
54,Christchurch,NZ,2021-10-31 02:23:51,-43.5333,172.6333,71.8,30,1,19.57,clear sky
55,Ribeira Grande,PT,2021-10-31 02:27:39,38.5167,-28.7,70.86,88,100,18.19,overcast clouds
56,Neubrandenburg,DE,2021-10-31 02:27:39,53.5667,13.2667,49.57,74,90,12.17,overcast clouds
57,East London,ZA,2021-10-31 02:23:56,-33.0153,27.9116,62.33,81,22,4.99,few clouds
58,Qaanaaq,GL,2021-10-31 02:27:40,77.484,-69.3632,2.21,54,0,7.87,clear sky
59,Barrow,US,2021-10-31 02:27:40,71.2906,-156.7887,17.62,86,90,6.91,overcast clouds
60,Ahipara,NZ,2021-10-31 02:27:40,-35.1667,173.1667,62.56,71,97,6.4,overcast clouds
61,Castro,BR,2021-10-31 02:23:07,-24.7911,-50.0119,59.76,96,100,8.48,overcast clouds
62,Narsaq,GL,2021-10-31 02:26:16,60.9167,-46.05,28.62,75,50,4.97,scattered clouds
63,Santa Rosa,PH,2021-10-31 02:27:41,14.3122,121.1114,90.09,57,12,16.22,few clouds
64,Camopi,GF,2021-10-31 02:25:30,3.1655,-52.3158,72.95,99,100,1.79,overcast clouds
65,Albany,US,2021-10-31 02:23:12,42.6001,-73.9662,55.74,94,100,2.33,light rain
66,Ballina,AU,2021-10-31 02:27:41,-28.8667,153.5667,71.64,66,75,19.57,broken clouds
67,Dikson,RU,2021-10-31 02:27:42,73.5069,80.5464,6.31,90,97,15.39,overcast clouds
68,Griffith,US,2021-10-31 02:27:42,41.5284,-87.4237,53.06,95,90,1.01,overcast clouds
69,New Norfolk,AU,2021-10-31 02:25:22,-42.7826,147.0587,60.75,47,100,5.01,overcast clouds
70,Mikkeli,FI,2021-10-31 02:27:42,61.6886,27.2723,46.51,81,90,4.61,overcast clouds
71,Juripiranga,BR,2021-10-31 02:27:43,-7.3733,-35.2381,78.19,78,11,5.46,few clouds
72,Mar Del Plata,AR,2021-10-31 02:23:30,-38.0023,-57.5575,57.09,85,75,3.0,broken clouds
73,Pangody,RU,2021-10-31 02:27:43,65.85,74.4859,11.53,92,100,15.9,overcast clouds
74,Ocho Rios,JM,2021-10-31 02:27:43,18.4025,-77.1048,82.15,80,100,3.06,overcast clouds
75,Puerto Ayora,EC,2021-10-31 02:27:44,-0.7393,-90.3518,70.65,85,100,7.27,overcast clouds
76,Bredasdorp,ZA,2021-10-31 02:27:44,-34.5322,20.0403,59.29,94,20,3.44,few clouds
77,Coihaique,CL,2021-10-31 02:23:02,-45.5752,-72.0662,48.15,43,0,6.91,clear sky
78,Wembley,AU,2021-10-31 02:27:44,-31.9333,115.8,73.17,53,0,3.44,clear sky
79,Vaini,TO,2021-10-31 02:27:45,-21.2,-175.2,80.76,78,20,8.05,few clouds
80,Lebedinyy,RU,2021-10-31 02:27:45,58.5167,125.5167,20.16,82,98,10.98,overcast clouds
81,Butaritari,KI,2021-10-31 02:27:45,3.0707,172.7902,82.49,73,2,5.41,clear sky
82,Madang,PG,2021-10-31 02:27:46,-5.2246,145.7966,85.64,70,93,5.46,overcast clouds
83,Coahuayana,MX,2021-10-31 02:27:46,18.7333,-103.6833,77.4,88,6,0.56,clear sky
84,Bethel,US,2021-10-31 02:27:46,41.3712,-73.414,57.67,93,90,0.0,mist
85,Nemuro,JP,2021-10-31 02:27:47,43.3236,145.575,55.83,74,78,11.18,broken clouds
86,Dangriga,BZ,2021-10-31 02:27:47,16.9692,-88.2321,75.97,74,98,7.72,overcast clouds
87,Bethlehem,BR,2021-10-31 02:24:04,-1.4558,-48.5044,78.84,89,75,5.75,broken clouds
88,Aksay,RU,2021-10-31 02:27:47,47.26,39.87,37.78,76,0,8.7,clear sky
89,Waldshut-Tiengen,DE,2021-10-31 02:27:48,47.6232,8.2172,53.24,100,98,1.68,overcast clouds
90,Avarua,CK,2021-10-31 02:22:54,-21.2078,-159.775,77.05,57,20,11.5,few clouds
91,Iqaluit,CA,2021-10-31 02:27:48,63.7506,-68.5145,37.13,74,75,8.01,broken clouds
92,Goderich,CA,2021-10-31 02:27:48,43.7501,-81.7165,48.9,87,100,5.75,overcast clouds
93,Kapaa,US,2021-10-31 02:28:49,22.0752,-159.319,82.38,76,90,5.75,moderate rain
94,Dzaoudzi,YT,2021-10-31 02:28:49,-12.7887,45.2699,76.89,83,20,4.61,few clouds
95,Lompoc,US,2021-10-31 02:28:49,34.6391,-120.4579,60.57,90,90,6.91,fog
96,Carnarvon,AU,2021-10-31 02:28:12,-24.8667,113.6333,73.47,56,0,18.41,clear sky
97,Sinop,TR,2021-10-31 02:28:50,41.7711,34.8709,46.94,75,27,8.79,scattered clouds
98,Chiredzi,ZW,2021-10-31 02:28:50,-21.05,31.6667,68.94,65,1,10.92,clear sky
99,Tinskoy,RU,2021-10-31 02:28:50,56.1525,96.9161,30.65,72,100,4.52,overcast clouds
100,Pacific Grove,US,2021-10-31 02:26:45,36.6177,-121.9166,61.43,91,90,1.99,overcast clouds
101,Scarborough,GB,2021-10-31 02:28:51,54.2797,-0.4044,46.08,89,54,3.0,broken clouds
102,Upernavik,GL,2021-10-31 02:28:51,72.7868,-56.1549,30.34,66,100,7.45,overcast clouds
103,Krasnoselkup,RU,2021-10-31 02:28:41,65.7,82.4667,12.69,95,100,11.23,light snow
104,Plettenberg Bay,ZA,2021-10-31 02:28:32,-34.0527,23.3716,59.18,88,59,1.41,broken clouds
105,San Patricio,US,2021-10-31 02:28:51,28.017,-97.5169,71.44,38,0,7.65,clear sky
106,Arman,RU,2021-10-31 02:28:52,59.7,150.1667,20.82,43,100,14.97,overcast clouds
107,Port Lincoln,AU,2021-10-31 02:28:52,-34.7333,135.8667,64.87,51,0,10.67,clear sky
108,Hithadhoo,MV,2021-10-31 02:25:32,-0.6,73.0833,82.65,76,100,19.98,overcast clouds
109,Hay River,CA,2021-10-31 02:28:52,60.8156,-115.7999,28.38,86,20,6.91,few clouds
110,Kahului,US,2021-10-31 02:26:09,20.8947,-156.47,85.26,69,20,10.36,few clouds
111,Panama City,PA,2021-10-31 02:28:53,8.9936,-79.5197,79.29,89,40,3.44,scattered clouds
112,Jinka,ET,2021-10-31 02:28:53,5.65,36.65,62.62,53,24,3.85,few clouds
113,Colares,PT,2021-10-31 02:28:53,38.7992,-9.4469,68.99,85,100,3.0,overcast clouds
114,Vao,NC,2021-10-31 02:28:54,-22.6667,167.4833,71.91,71,63,3.94,broken clouds
115,Brownwood,US,2021-10-31 02:28:54,31.7093,-98.9912,67.77,55,1,0.0,clear sky
116,Inverell,AU,2021-10-31 02:28:54,-29.7833,151.1167,75.67,51,1,5.99,clear sky
117,Cockburn Town,TC,2021-10-31 02:28:54,21.4612,-71.1419,82.62,63,61,10.85,broken clouds
118,Fort Nelson,CA,2021-10-31 02:25:33,58.8053,-122.7002,26.19,74,40,0.0,scattered clouds
119,Kotelnich,RU,2021-10-31 02:28:55,58.3089,48.348,42.31,96,100,6.69,overcast clouds
120,Saint-Philippe,RE,2021-10-31 02:28:55,-21.3585,55.7679,69.39,81,29,3.06,scattered clouds
121,Malkangiri,IN,2021-10-31 02:28:55,18.35,81.9,75.61,88,43,1.74,scattered clouds
122,Sioux Lookout,CA,2021-10-31 02:28:56,50.1001,-91.917,37.47,87,75,13.8,broken clouds
123,Thompson,CA,2021-10-31 02:26:33,55.7435,-97.8558,33.96,93,90,6.91,light intensity shower rain
124,Alofi,NU,2021-10-31 02:28:56,-19.0595,-169.9187,80.49,61,100,10.36,overcast clouds
125,Whakatane,NZ,2021-10-31 02:28:56,-37.9585,176.9854,69.51,86,100,8.01,overcast clouds
126,Shelburne,CA,2021-10-31 02:28:57,44.0787,-80.2041,45.23,100,100,6.02,overcast clouds
127,Kununurra,AU,2021-10-31 02:28:57,-15.7667,128.7333,91.38,49,40,10.36,scattered clouds
128,Isangel,VU,2021-10-31 02:25:27,-19.55,169.2667,86.11,58,42,5.75,scattered clouds
129,Lavrentiya,RU,2021-10-31 02:28:57,65.5833,-171.0,13.46,80,37,7.25,scattered clouds
130,Hovd,MN,2021-10-31 02:27:24,48.0056,91.6419,37.36,38,100,6.04,overcast clouds
131,Pindwara,IN,2021-10-31 02:28:58,24.8,73.0667,67.57,37,6,3.06,clear sky
132,Kabompo,ZM,2021-10-31 02:28:58,-13.5927,24.2008,68.5,65,35,3.15,scattered clouds
133,Swellendam,ZA,2021-10-31 02:28:59,-34.0226,20.4417,52.18,89,13,1.14,few clouds
134,Severo-Kurilsk,RU,2021-10-31 02:25:33,50.6789,156.125,42.6,81,66,16.22,broken clouds
135,Kaitangata,NZ,2021-10-31 02:28:32,-46.2817,169.8464,48.56,91,100,20.02,overcast clouds
136,Kavaratti,IN,2021-10-31 02:28:59,10.5669,72.642,81.79,73,98,2.86,overcast clouds
137,Norman Wells,CA,2021-10-31 02:28:59,65.282,-126.8329,21.24,93,20,6.91,few clouds
138,San Bernardo,CL,2021-10-31 02:29:00,-33.6,-70.7167,74.75,38,92,2.59,overcast clouds
139,Olafsvik,IS,2021-10-31 02:25:26,64.8945,-23.7142,40.89,77,56,23.49,broken clouds
140,Atuona,PF,2021-10-31 02:28:33,-9.8,-139.0333,78.35,70,20,12.15,few clouds
141,Arrecife,ES,2021-10-31 02:29:00,28.963,-13.5477,68.07,82,0,10.36,clear sky
142,Tasiilaq,GL,2021-10-31 02:30:01,65.6145,-37.6368,26.76,66,100,4.09,overcast clouds
143,Zhucheng,CN,2021-10-31 02:30:01,35.9947,119.3975,68.16,47,88,7.58,overcast clouds
144,Sancti Spiritus,CU,2021-10-31 02:30:02,21.9297,-79.4425,71.82,83,92,5.19,overcast clouds
145,Souillac,MU,2021-10-31 02:30:03,-20.5167,57.5167,73.36,94,75,3.44,broken clouds
146,Boyolangu,ID,2021-10-31 02:30:03,-8.1181,111.8935,86.56,64,96,6.06,light rain
147,Yellowknife,CA,2021-10-31 02:25:28,62.456,-114.3525,28.42,95,75,6.91,broken clouds
148,Maykor,RU,2021-10-31 02:30:04,59.0059,55.88,31.08,97,99,4.97,overcast clouds
149,Cherskiy,RU,2021-10-31 02:30:05,68.75,161.3,2.19,97,100,6.31,light snow
150,Tarko-Sale,RU,2021-10-31 02:30:06,64.9225,77.785,10.49,94,100,12.91,overcast clouds
151,Touros,BR,2021-10-31 02:30:06,-5.1989,-35.4608,77.9,75,95,14.29,overcast clouds
152,Hasaki,JP,2021-10-31 02:30:07,35.7333,140.8333,62.89,71,85,11.65,light rain
153,Cuamba,MZ,2021-10-31 02:30:08,-14.8031,36.5372,70.41,56,0,3.94,clear sky
154,Leh,IN,2021-10-31 02:28:53,34.1667,77.5833,22.93,55,4,4.09,clear sky
155,Tiksi,RU,2021-10-31 02:30:09,71.6872,128.8694,13.53,74,100,13.85,overcast clouds
156,Provideniya,RU,2021-10-31 02:30:10,64.3833,-173.3,12.74,73,88,11.56,overcast clouds
157,Sao Filipe,CV,2021-10-31 02:30:10,14.8961,-24.4956,79.95,72,100,12.12,overcast clouds
158,Ancud,CL,2021-10-31 02:30:11,-41.8697,-73.8203,49.53,67,0,4.79,clear sky
159,Grindavik,IS,2021-10-31 02:30:11,63.8424,-22.4338,39.67,87,0,13.8,clear sky
160,Bambous Virieux,MU,2021-10-31 02:30:12,-20.3428,57.7575,73.22,94,75,3.44,broken clouds
161,Baykit,RU,2021-10-31 02:30:12,61.67,96.37,18.48,87,100,11.39,overcast clouds
162,Mahebourg,MU,2021-10-31 02:30:12,-20.4081,57.7,73.26,94,75,3.44,broken clouds
163,Fershampenuaz,RU,2021-10-31 02:30:13,53.5202,59.8117,40.96,92,100,12.8,overcast clouds
164,Almeirim,BR,2021-10-31 02:30:13,-1.5233,-52.5817,75.67,79,9,4.25,clear sky
165,Puri,IN,2021-10-31 02:28:21,19.8,85.85,81.37,73,92,6.98,overcast clouds
166,Mount Gambier,AU,2021-10-31 02:30:14,-37.8333,140.7667,62.51,51,75,11.5,broken clouds
167,Sitka,US,2021-10-31 02:30:14,57.0531,-135.33,46.29,66,40,5.75,scattered clouds
168,Westport,US,2021-10-31 02:30:14,41.1415,-73.3579,58.75,95,90,1.99,light rain
169,Richards Bay,ZA,2021-10-31 02:30:15,-28.783,32.0377,61.07,83,9,6.04,clear sky
170,Alpena,US,2021-10-31 02:30:15,45.0617,-83.4327,51.19,95,90,0.0,overcast clouds
171,Porto-Vecchio,FR,2021-10-31 02:30:15,41.591,9.2795,64.06,94,90,9.22,overcast clouds
172,Marevo,RU,2021-10-31 02:30:16,57.3146,32.0804,44.92,82,10,9.15,clear sky
173,Sorel,CA,2021-10-31 02:30:16,46.0418,-73.1136,51.08,99,100,7.0,moderate rain
174,Micheweni,TZ,2021-10-31 02:30:16,-4.9667,39.8333,77.45,80,24,6.29,few clouds
175,Staryy Nadym,RU,2021-10-31 02:30:17,65.6118,72.6842,7.48,93,100,16.42,overcast clouds
176,Liverpool,GB,2021-10-31 02:30:17,53.4106,-2.9779,47.68,89,99,3.0,overcast clouds
177,Esperance,AU,2021-10-31 02:30:17,-33.8667,121.9,78.64,40,2,4.56,clear sky
178,Chazuta,PE,2021-10-31 02:30:18,-6.5742,-76.1367,77.85,76,50,0.92,scattered clouds
179,Los Llanos De Aridane,ES,2021-10-31 02:26:15,28.6585,-17.9182,63.12,71,0,4.0,clear sky
180,Klaksvik,FO,2021-10-31 02:30:18,62.2266,-6.589,40.12,90,100,8.25,overcast clouds
181,Guider,CM,2021-10-31 02:30:19,9.9342,13.9486,82.24,53,94,1.99,overcast clouds
182,Jamestown,US,2021-10-31 02:30:19,42.097,-79.2353,51.08,98,90,0.0,overcast clouds
183,Victoria,HK,2021-10-31 02:27:15,22.2855,114.1577,77.38,78,96,1.01,overcast clouds
184,San Antonio,US,2021-10-31 02:31:19,29.4241,-98.4936,69.28,55,1,4.61,clear sky
185,Palafrugell,ES,2021-10-31 02:31:20,41.9174,3.1631,62.71,95,100,5.66,overcast clouds
186,Umm Lajj,SA,2021-10-31 02:29:15,25.0213,37.2685,82.18,51,6,5.28,clear sky
187,Chokurdakh,RU,2021-10-31 02:31:20,70.6333,147.9167,-0.47,98,99,6.67,overcast clouds
188,Pevek,RU,2021-10-31 02:31:21,69.7008,170.3133,-1.37,96,100,9.75,overcast clouds
189,Cape Girardeau,US,2021-10-31 02:31:00,37.3834,-89.7168,51.35,84,10,6.78,clear sky
190,Ust-Nera,RU,2021-10-31 02:31:21,64.5667,143.2,-3.33,97,80,4.59,broken clouds
191,Anadyr,RU,2021-10-31 02:31:22,64.75,177.4833,7.3,92,90,20.0,snow
192,Moundou,TD,2021-10-31 02:31:22,8.5667,16.0833,74.57,67,100,3.56,overcast clouds
193,Seoul,KR,2021-10-31 02:26:48,37.5683,126.9778,62.11,67,20,3.44,few clouds
194,Vincennes,FR,2021-10-31 02:30:04,48.85,2.4333,50.94,96,0,4.61,clear sky
195,Sadiqabad,PK,2021-10-31 02:31:22,28.3062,70.1307,78.17,14,0,9.98,clear sky
196,Tateyama,JP,2021-10-31 02:31:23,34.9833,139.8667,63.1,87,100,1.79,light rain
197,Acara,BR,2021-10-31 02:31:23,-1.9608,-48.1967,74.46,96,100,3.31,overcast clouds
198,Koping,SE,2021-10-31 02:31:23,59.514,15.9926,45.84,96,100,4.74,overcast clouds
199,Samarai,PG,2021-10-31 02:31:24,-10.6167,150.6667,84.16,76,100,12.86,overcast clouds
200,Bathsheba,BB,2021-10-31 02:31:24,13.2167,-59.5167,81.21,74,20,18.41,few clouds
201,Marsh Harbour,BS,2021-10-31 02:31:24,26.5412,-77.0636,77.25,71,51,12.33,broken clouds
202,Nakusp,CA,2021-10-31 02:31:25,50.2499,-117.8023,30.54,93,0,3.44,clear sky
203,Dalvik,IS,2021-10-31 02:31:25,65.9702,-18.5286,37.33,98,100,13.73,overcast clouds
204,Camacha,PT,2021-10-31 02:31:25,33.0833,-16.3333,67.42,88,40,5.75,scattered clouds
205,Cidreira,BR,2021-10-31 02:31:26,-30.1811,-50.2056,67.77,88,99,20.85,overcast clouds
206,Ornskoldsvik,SE,2021-10-31 02:31:26,63.2909,18.7153,40.15,100,90,3.44,fog
207,Gao,ML,2021-10-31 02:31:26,16.6362,1.637,82.0,14,17,10.2,few clouds
208,Kavieng,PG,2021-10-31 02:31:27,-2.5744,150.7967,82.83,76,84,12.75,moderate rain
209,Faanui,PF,2021-10-31 02:31:27,-16.4833,-151.75,78.94,66,43,14.63,scattered clouds
210,Belyy Yar,RU,2021-10-31 02:31:27,53.6039,91.3903,36.86,63,0,11.18,clear sky
211,Ketchikan,US,2021-10-31 02:31:27,55.3422,-131.6461,37.87,93,1,0.0,clear sky
212,Kem,RU,2021-10-31 02:31:28,64.9555,34.5793,40.17,94,84,10.94,broken clouds
213,Himatangi,NZ,2021-10-31 02:31:28,-40.4,175.3167,63.64,63,0,20.29,clear sky
214,Ponta Do Sol,PT,2021-10-31 02:31:28,32.6667,-17.1,70.72,73,69,6.35,broken clouds
215,Point Pedro,LK,2021-10-31 02:28:05,9.8167,80.2333,79.68,85,100,8.9,light rain
216,Price,US,2021-10-31 02:31:29,39.5994,-110.8107,50.72,66,1,9.22,clear sky
217,Tres Lagoas,BR,2021-10-31 02:31:29,-20.7511,-51.6783,70.92,86,100,6.85,overcast clouds
218,Hamilton,US,2021-10-31 02:30:30,39.1834,-84.5333,54.05,94,90,1.01,overcast clouds
219,Naze,JP,2021-10-31 02:31:29,28.3667,129.4833,74.32,63,1,7.61,clear sky
220,Vorukh,TJ,2021-10-31 02:31:30,39.8494,70.5838,45.27,42,100,1.9,overcast clouds
221,Suamico,US,2021-10-31 02:31:31,44.6319,-88.0393,48.0,88,1,4.61,clear sky
222,Dunyapur,PK,2021-10-31 02:31:31,29.7995,71.7196,62.62,20,0,2.33,clear sky
223,North Bend,US,2021-10-31 02:31:31,43.4065,-124.2243,57.92,97,90,5.75,mist
224,Sarahan,IN,2021-10-31 02:31:32,31.5167,77.8,52.59,30,0,2.93,clear sky
225,Baeza,ES,2021-10-31 02:31:32,37.9938,-3.471,65.35,89,100,14.38,overcast clouds
226,Tarakan,ID,2021-10-31 02:31:33,3.3,117.6333,85.5,79,40,6.91,scattered clouds
227,Awbari,LY,2021-10-31 02:31:33,26.5921,12.7805,65.28,34,2,3.51,clear sky
228,Hofn,IS,2021-10-31 02:31:33,64.2539,-15.2082,42.96,64,100,14.72,overcast clouds
229,Acapulco,MX,2021-10-31 02:31:34,16.8634,-99.8901,84.02,74,75,3.44,broken clouds
230,Kruisfontein,ZA,2021-10-31 02:31:34,-34.0033,24.7314,56.3,90,82,5.77,broken clouds
231,Benghazi,LY,2021-10-31 02:32:35,32.1167,20.0667,71.33,75,75,27.51,broken clouds
232,Ostrovnoy,RU,2021-10-31 02:32:35,68.0531,39.5131,34.39,96,100,2.06,overcast clouds
233,Alappuzha,IN,2021-10-31 02:32:36,9.49,76.3264,80.35,82,100,3.51,overcast clouds
234,Aksarka,RU,2021-10-31 02:32:36,66.5606,67.7975,-4.77,91,8,4.68,clear sky
235,Lagoa,PT,2021-10-31 02:32:36,39.05,-27.9833,68.59,88,100,13.65,overcast clouds
236,Jacareacanga,BR,2021-10-31 02:32:37,-6.2222,-57.7528,75.24,81,29,1.74,scattered clouds
237,Sao Felix Do Xingu,BR,2021-10-31 02:32:37,-6.6447,-51.995,76.48,68,19,0.49,few clouds
238,Shilka,RU,2021-10-31 02:32:37,51.85,116.0333,34.16,27,6,8.25,clear sky
239,Pichayevo,RU,2021-10-31 02:32:38,53.2363,42.2032,40.71,93,17,6.96,few clouds
240,Khatanga,RU,2021-10-31 02:32:38,71.9667,102.5,5.41,96,100,1.97,light snow
241,Ust-Kuyga,RU,2021-10-31 02:32:38,70.0167,135.6,-3.86,100,97,8.95,overcast clouds
242,Jalu,LY,2021-10-31 02:32:38,29.0331,21.5482,67.35,44,38,7.9,scattered clouds
243,Vestmannaeyjar,IS,2021-10-31 02:32:39,63.4427,-20.2734,43.41,75,99,9.06,overcast clouds
244,Nhulunbuy,AU,2021-10-31 02:32:39,-12.2333,136.7667,93.81,52,40,9.22,scattered clouds
245,Ambovombe,MG,2021-10-31 02:32:39,-25.1667,46.0833,68.05,82,86,7.02,overcast clouds
246,Ipatovo,RU,2021-10-31 02:32:40,45.7181,42.9036,40.3,93,0,10.2,clear sky
247,Coari,BR,2021-10-31 02:32:40,-4.085,-63.1414,76.91,80,29,2.17,scattered clouds
248,Rawson,AR,2021-10-31 02:30:49,-43.3002,-65.1023,46.71,69,10,15.55,clear sky
249,Port Shepstone,ZA,2021-10-31 02:32:40,-30.7414,30.455,63.28,75,5,5.64,clear sky
250,Sisimiut,GL,2021-10-31 02:32:41,66.9395,-53.6735,34.92,98,100,34.16,light rain
251,Usakos,NA,2021-10-31 02:32:41,-22.0,15.6,60.19,25,0,2.77,clear sky
252,Merrick,US,2021-10-31 02:32:42,40.6629,-73.5515,60.01,81,75,1.01,broken clouds
253,Nelson Bay,AU,2021-10-31 02:32:42,-32.7167,152.15,69.69,51,52,5.01,broken clouds
254,Clyde River,CA,2021-10-31 02:32:42,70.4692,-68.5914,30.15,97,100,16.28,snow
255,Mehamn,NO,2021-10-31 02:32:42,71.0357,27.8492,36.68,79,98,14.14,overcast clouds
256,Yerbogachen,RU,2021-10-31 02:32:43,61.2767,108.0108,20.5,66,80,11.86,broken clouds
257,Port Maria,JM,2021-10-31 02:32:43,18.3685,-76.8895,82.36,94,100,3.78,overcast clouds
258,Vila Franca Do Campo,PT,2021-10-31 02:29:53,37.7167,-25.4333,74.19,94,100,14.27,overcast clouds
259,Bubaque,GW,2021-10-31 02:32:43,11.2833,-15.8333,79.54,75,100,1.57,overcast clouds
260,Polikhronon,GR,2021-10-31 02:32:44,40.0166,23.5283,55.38,67,0,8.43,clear sky
261,Batsfjord,NO,2021-10-31 02:32:44,70.6345,29.7185,36.66,84,99,9.91,overcast clouds
262,Berlevag,NO,2021-10-31 02:32:44,70.8578,29.0864,37.98,78,99,13.85,overcast clouds
263,College,US,2021-10-31 02:32:45,64.8569,-147.8028,41.32,62,75,8.05,broken clouds
264,Sovetskaya Gavan,RU,2021-10-31 02:32:45,48.9723,140.2878,38.05,65,100,12.82,light rain
265,Longyearbyen,SJ,2021-10-31 02:32:45,78.2186,15.6401,22.84,80,75,5.75,broken clouds
266,Yasnogorsk,RU,2021-10-31 02:32:46,54.4803,37.6975,39.45,86,15,9.04,few clouds
267,Saldanha,ZA,2021-10-31 02:32:46,-33.0117,17.9442,57.25,87,91,7.29,overcast clouds
268,Port Elizabeth,ZA,2021-10-31 02:32:46,-33.918,25.5701,57.49,100,63,2.3,broken clouds
269,Port Hedland,AU,2021-10-31 02:32:47,-20.3167,118.5667,84.25,51,0,13.8,clear sky
270,Salalah,OM,2021-10-31 02:29:13,17.0151,54.0924,77.09,53,0,6.91,clear sky
271,Kiunga,PG,2021-10-31 02:32:47,-6.1219,141.2906,90.19,59,79,3.65,broken clouds
272,Bengkulu,ID,2021-10-31 02:32:48,-3.8004,102.2655,82.89,75,100,5.14,overcast clouds
273,Nikolskoye,RU,2021-10-31 02:32:48,59.7035,30.7861,45.01,94,88,6.71,overcast clouds
274,Wewak,PG,2021-10-31 02:32:48,-3.5534,143.6268,85.33,70,99,7.07,overcast clouds
275,Mariental,NA,2021-10-31 02:32:49,-24.6333,17.9667,66.34,24,0,6.76,clear sky
276,Vadakku Valliyur,IN,2021-10-31 02:32:49,8.3833,77.65,78.22,78,100,6.08,overcast clouds
277,Alice Springs,AU,2021-10-31 02:32:49,-23.7,133.8833,58.55,94,90,10.36,overcast clouds
278,Prainha,BR,2021-10-31 02:33:50,-1.8,-53.48,75.65,83,51,1.61,broken clouds
279,Cayenne,GF,2021-10-31 02:30:07,4.9333,-52.3333,82.09,79,42,1.99,scattered clouds
280,Bowen,AU,2021-10-31 02:33:50,-20.0167,148.2333,91.62,63,10,12.55,clear sky
281,Tura,IN,2021-10-31 02:33:51,25.5198,90.2201,73.71,50,0,0.98,clear sky
282,Ridgecrest,US,2021-10-31 02:33:51,35.6225,-117.6709,74.01,27,1,1.01,clear sky
283,Uspenka,UA,2021-10-31 02:33:52,48.3903,39.1619,39.67,76,0,4.99,clear sky
284,Saint-Pierre,RE,2021-10-31 02:33:52,-21.3393,55.4781,69.48,74,0,4.61,clear sky
285,Otacilio Costa,BR,2021-10-31 02:33:53,-27.4831,-50.1219,59.0,97,100,6.06,moderate rain
286,Te Anau,NZ,2021-10-31 02:33:53,-45.4167,167.7167,53.31,60,67,6.89,broken clouds
287,Tilichiki,RU,2021-10-31 02:33:53,60.4667,166.1,5.36,89,11,10.22,few clouds
288,Basco,PH,2021-10-31 02:33:54,20.4487,121.9702,80.56,74,17,15.48,few clouds
289,Morgan City,US,2021-10-31 02:33:54,29.6994,-91.2068,57.0,76,0,2.57,clear sky
290,Palu,ID,2021-10-31 02:33:54,-0.8917,119.8707,87.78,68,93,3.27,overcast clouds
291,Biak,ID,2021-10-31 02:33:55,-0.9131,122.8766,83.82,67,92,0.67,light rain
292,Fallon,US,2021-10-31 02:33:55,39.4735,-118.7774,62.28,70,1,6.91,clear sky
293,Roald,NO,2021-10-31 02:33:55,62.5833,6.1333,55.54,58,75,9.22,broken clouds
294,Antalaha,MG,2021-10-31 02:33:56,-14.9003,50.2788,73.02,85,34,3.78,scattered clouds
295,Mastic Beach,US,2021-10-31 02:33:56,40.7668,-72.8521,59.05,96,90,0.0,light rain
296,Tual,ID,2021-10-31 02:33:56,-5.6667,132.75,83.5,71,65,7.63,broken clouds
297,Vila Velha,BR,2021-10-31 02:33:57,-20.3297,-40.2925,71.55,100,90,2.3,overcast clouds
298,El Alto,PE,2021-10-31 02:33:57,-4.2714,-81.2147,64.96,79,63,16.02,broken clouds
299,Kenai,US,2021-10-31 02:29:09,60.5544,-151.2583,44.15,82,90,12.66,light rain
300,Plouzane,FR,2021-10-31 02:33:57,48.3833,-4.6167,57.29,97,90,24.16,light rain
301,Mount Isa,AU,2021-10-31 02:33:58,-20.7333,139.5,92.97,17,14,14.97,few clouds
302,Lerwick,GB,2021-10-31 02:33:58,60.1545,-1.1494,50.0,77,97,28.61,overcast clouds
303,Shingu,JP,2021-10-31 02:33:17,33.7333,135.9833,70.79,64,100,9.17,overcast clouds
304,Nur,PL,2021-10-31 02:33:59,52.6683,22.3221,43.79,75,14,9.01,few clouds
305,Gladstone,AU,2021-10-31 02:33:59,-23.85,151.25,90.79,51,53,12.66,broken clouds
306,Calama,CL,2021-10-31 02:29:38,-22.4667,-68.9333,55.0,29,0,1.72,clear sky
307,Moba,CN,2021-10-31 02:33:59,33.2288,105.0179,42.62,84,100,5.3,overcast clouds
308,Bilma,NE,2021-10-31 02:34:00,18.6853,12.9164,77.16,30,49,15.82,scattered clouds
309,Snezhnogorsk,RU,2021-10-31 02:34:00,69.1933,33.2531,19.18,91,96,1.99,overcast clouds
310,Opuwo,NA,2021-10-31 02:34:01,-18.0607,13.84,65.61,23,28,3.78,scattered clouds
311,Kisangani,CD,2021-10-31 02:34:01,0.5167,25.2,68.61,97,100,2.59,overcast clouds
312,Bam,IR,2021-10-31 02:34:02,29.106,58.357,67.51,24,10,8.16,clear sky
313,Straumen,NO,2021-10-31 02:34:02,63.8709,11.2999,55.4,73,100,9.55,moderate rain
314,Ati,TD,2021-10-31 02:34:03,13.2154,18.3353,81.01,17,95,6.38,overcast clouds
315,Maceio,BR,2021-10-31 02:34:03,-9.6658,-35.7353,76.44,88,20,4.61,few clouds
316,Nanakuli,US,2021-10-31 02:35:04,21.3906,-158.1547,81.77,65,1,13.8,clear sky
317,Longhua,CN,2021-10-31 02:35:05,23.6137,114.1919,73.47,67,90,2.62,overcast clouds
318,Avera,US,2021-10-31 02:35:05,33.194,-82.5271,58.51,86,79,11.86,broken clouds
319,Saint-Joseph,RE,2021-10-31 02:35:06,-21.3667,55.6167,68.38,77,8,3.56,clear sky
320,Tokonou,GN,2021-10-31 02:35:06,9.65,-9.7833,67.59,97,58,1.01,broken clouds
321,Kurchum,KZ,2021-10-31 02:35:07,48.5722,83.6542,41.92,85,100,1.88,light rain
322,Manokwari,ID,2021-10-31 02:35:07,-0.8667,134.0833,83.82,71,59,6.71,broken clouds
323,Codrington,AU,2021-10-31 02:35:07,-38.2667,141.9667,61.45,62,0,8.34,clear sky
324,Serramanna,IT,2021-10-31 02:35:08,39.4244,8.9244,63.63,94,100,5.57,overcast clouds
325,Beaverlodge,CA,2021-10-31 02:35:08,55.2166,-119.4361,25.95,56,2,2.15,clear sky
326,Walvis Bay,NA,2021-10-31 02:35:08,-22.9575,14.5053,56.08,100,0,2.3,clear sky
327,Bulawayo,ZW,2021-10-31 02:35:08,-20.15,28.5833,67.42,61,19,1.1,few clouds
328,Tuyen Quang,VN,2021-10-31 02:35:09,21.8233,105.2181,68.14,94,100,0.36,overcast clouds
329,Nikolayevsk-Na-Amure,RU,2021-10-31 02:35:09,53.1406,140.73,29.64,65,69,11.05,broken clouds
330,San Fernando,PH,2021-10-31 02:35:10,15.0286,120.6898,89.62,56,13,13.6,few clouds
331,Carballo,ES,2021-10-31 02:35:10,43.213,-8.691,65.01,89,91,12.39,overcast clouds
332,Lillooet,CA,2021-10-31 02:35:10,50.6856,-121.942,34.52,76,1,1.99,clear sky
333,Port-Gentil,GA,2021-10-31 02:35:11,-0.7193,8.7815,76.08,92,100,10.54,light rain
334,Odienne,CI,2021-10-31 02:35:11,9.51,-7.5692,71.19,90,97,2.53,overcast clouds
335,Kenora,CA,2021-10-31 02:30:34,49.8167,-94.4337,42.78,70,20,6.91,few clouds
336,Iwanai,JP,2021-10-31 02:35:11,42.9744,140.5089,55.09,66,100,3.87,overcast clouds
337,Laguna,US,2021-10-31 02:35:12,38.421,-121.4238,65.64,73,90,4.0,overcast clouds
338,Domna,RU,2021-10-31 02:35:12,51.8971,113.1573,17.76,73,19,0.0,few clouds
339,Kahna Nau,PK,2021-10-31 02:35:12,31.3692,74.3653,62.64,77,0,5.75,smoke
340,Englehart,CA,2021-10-31 02:35:13,47.8169,-79.8664,46.42,76,90,4.61,overcast clouds
341,Nueva Loja,EC,2021-10-31 02:35:13,0.0847,-76.8828,71.24,98,74,1.99,broken clouds
342,Eydhafushi,MV,2021-10-31 02:35:13,5.1033,73.0708,82.11,68,77,12.66,broken clouds
343,Grand Gaube,MU,2021-10-31 02:35:14,-20.0064,57.6608,74.37,79,2,4.0,clear sky
344,Port Macquarie,AU,2021-10-31 02:35:14,-31.4333,152.9167,67.96,52,75,9.78,broken clouds
345,Hayden,US,2021-10-31 02:35:14,47.766,-116.7866,43.36,77,1,14.97,clear sky
346,Zhigansk,RU,2021-10-31 02:35:15,66.7697,123.3711,7.9,86,100,27.47,overcast clouds
347,Talnakh,RU,2021-10-31 02:35:15,69.4865,88.3972,10.51,96,100,4.99,light snow
348,Yaita,JP,2021-10-31 02:35:15,36.8,139.9333,65.23,64,100,3.13,overcast clouds
349,Megion,RU,2021-10-31 02:35:16,61.0296,76.1136,6.82,96,88,6.73,overcast clouds
350,Eyl,SO,2021-10-31 02:35:16,7.9803,49.8164,77.14,78,100,10.6,light rain
351,Kailua,US,2021-10-31 02:32:31,21.4022,-157.7394,81.81,73,90,6.91,overcast clouds
352,Fernandopolis,BR,2021-10-31 02:35:16,-20.2839,-50.2464,71.65,83,100,7.72,overcast clouds
353,Tupik,RU,2021-10-31 02:35:17,54.4253,119.9327,31.32,31,28,3.69,scattered clouds
354,Imbituba,BR,2021-10-31 02:35:17,-28.24,-48.6703,68.83,94,100,12.95,overcast clouds
355,Mapiripan,CO,2021-10-31 02:35:17,2.8892,-72.1256,72.99,94,97,3.42,overcast clouds
356,Polessk,RU,2021-10-31 02:35:18,54.862,21.1028,44.65,70,2,12.66,clear sky
357,Riberalta,BO,2021-10-31 02:32:43,-10.9833,-66.1,79.97,62,23,3.4,few clouds
358,Pisco,PE,2021-10-31 02:35:18,-13.7,-76.2167,62.65,88,90,10.36,overcast clouds
359,Nago,JP,2021-10-31 02:36:18,26.5881,127.9761,81.45,61,50,10.49,scattered clouds
360,Caldas Novas,BR,2021-10-31 02:36:19,-17.7417,-48.625,70.65,83,100,5.17,overcast clouds
361,Campoverde,PE,2021-10-31 02:36:19,-8.4753,-74.8058,80.29,87,33,1.52,scattered clouds
362,Miyako,JP,2021-10-31 02:36:19,39.6367,141.9525,61.47,60,95,3.42,overcast clouds
363,Isla Mujeres,MX,2021-10-31 02:36:20,21.2311,-86.731,71.65,64,4,12.24,clear sky
364,Pitimbu,BR,2021-10-31 02:36:20,-7.4706,-34.8086,79.39,72,18,11.16,few clouds
365,Kaeo,NZ,2021-10-31 02:36:20,-35.1,173.7833,65.32,68,100,8.79,overcast clouds
366,Mwinilunga,ZM,2021-10-31 02:36:20,-11.7358,24.4293,63.82,82,66,3.47,broken clouds
367,Gambela,ET,2021-10-31 02:36:21,8.25,34.5833,67.14,83,68,4.52,broken clouds
368,Egvekinot,RU,2021-10-31 02:36:21,66.3167,-179.1667,2.37,93,100,12.33,overcast clouds
369,Mundwa,IN,2021-10-31 02:36:21,27.0667,73.8167,74.68,26,0,8.12,clear sky
370,Killeen,US,2021-10-31 02:31:26,31.1171,-97.7278,65.82,50,1,0.0,clear sky
371,Ebolowa,CM,2021-10-31 02:36:22,2.9,11.15,68.29,99,100,2.1,overcast clouds
372,Fairbanks,US,2021-10-31 02:35:02,64.8378,-147.7164,41.34,62,1,8.05,clear sky
373,Porto Novo,BJ,2021-10-31 02:35:06,6.4965,2.6036,82.22,88,98,6.15,overcast clouds
374,Airai,TL,2021-10-31 02:36:22,-8.9266,125.4092,77.09,54,69,1.86,broken clouds
375,Bonthe,SL,2021-10-31 02:36:23,7.5264,-12.505,74.37,93,92,4.59,overcast clouds
376,Haapiti,PF,2021-10-31 02:36:23,-17.5667,-149.8667,83.93,71,19,18.61,few clouds
377,Roma,US,2021-10-31 02:36:23,43.2128,-75.4557,55.81,92,75,5.75,broken clouds
378,Buala,SB,2021-10-31 02:36:24,-8.145,159.5921,85.19,70,100,8.41,light rain
379,Havoysund,NO,2021-10-31 02:36:24,70.9963,24.6622,31.08,76,100,17.25,overcast clouds
380,Zhanaozen,KZ,2021-10-31 02:36:24,43.3,52.8,44.22,69,0,6.44,clear sky
381,Stantsionno-Oyashinskiy,RU,2021-10-31 02:36:25,55.4664,83.8245,28.62,95,100,13.69,light snow
382,Tanout,NE,2021-10-31 02:36:25,14.9709,8.8879,78.28,20,19,11.23,few clouds
383,Kongoussi,BF,2021-10-31 02:33:33,13.3258,-1.5347,81.1,23,96,4.63,overcast clouds
384,Maniitsoq,GL,2021-10-31 02:36:26,65.4167,-52.9,35.69,94,100,21.81,light rain
385,Saint-Augustin,CA,2021-10-31 02:36:26,51.226,-58.6502,42.71,59,76,3.53,broken clouds
386,Severobaykalsk,RU,2021-10-31 02:32:13,55.65,109.3167,28.65,68,99,1.81,overcast clouds
387,Tuatapere,NZ,2021-10-31 02:36:26,-46.1333,167.6833,50.25,66,99,15.52,overcast clouds
388,Le Port,RE,2021-10-31 02:36:26,-20.9373,55.2919,70.61,92,1,3.24,clear sky
389,Canchungo,GW,2021-10-31 02:36:27,12.0672,-16.0333,73.62,86,99,3.44,overcast clouds
390,Kahramanmaras,TR,2021-10-31 02:36:27,38.0,37.0,45.23,98,99,2.28,overcast clouds
391,Kuytun,RU,2021-10-31 02:36:27,54.3419,101.5036,34.23,90,100,6.46,overcast clouds
392,Umba,RU,2021-10-31 02:36:28,66.6871,34.3429,36.7,100,100,4.52,overcast clouds
393,Nenton,GT,2021-10-31 02:36:28,15.8,-91.75,75.36,86,100,2.95,overcast clouds
394,George Town,MY,2021-10-31 02:36:28,5.4112,100.3354,83.89,76,20,3.0,few clouds
395,Jackson,US,2021-10-31 02:36:29,42.4165,-122.8345,57.07,89,75,0.0,broken clouds
396,Tupiza,BO,2021-10-31 02:36:29,-21.45,-65.7167,56.98,68,10,4.83,clear sky
397,Santa Cruz,BO,2021-10-31 02:36:29,-17.8,-63.1667,76.46,83,100,0.0,overcast clouds
398,Kinablangan,PH,2021-10-31 02:36:30,7.6947,126.5503,84.61,70,39,5.28,scattered clouds
399,Great Falls,US,2021-10-31 02:36:30,47.5002,-111.3008,28.67,90,1,3.44,clear sky
400,Rio Grande,BR,2021-10-31 02:36:30,-32.035,-52.0986,69.94,87,21,18.1,few clouds
401,Bajil,YE,2021-10-31 02:36:31,15.0584,43.2851,80.83,74,12,4.54,few clouds
402,Port Augusta,AU,2021-10-31 02:36:31,-32.5,137.7667,76.71,15,70,10.56,broken clouds
403,Soyo,AO,2021-10-31 02:36:31,-6.1349,12.3689,77.07,85,100,9.84,light rain
404,Lewiston,US,2021-10-31 02:36:31,44.1003,-70.2148,53.62,98,90,10.36,moderate rain
405,La Ronge,CA,2021-10-31 02:36:32,55.1001,-105.2842,34.05,64,90,12.66,light shower snow
406,Luderitz,NA,2021-10-31 02:37:32,-26.6481,15.1594,56.89,95,23,1.16,few clouds
407,Nanortalik,GL,2021-10-31 02:37:32,60.1432,-45.2371,34.36,74,3,3.09,clear sky
408,Hakkari,TR,2021-10-31 02:37:33,37.5833,44.1667,41.14,96,100,0.25,overcast clouds
409,La Paz,BO,2021-10-31 02:35:02,-16.5,-68.15,51.78,57,40,6.91,scattered clouds
410,Zhigalovo,RU,2021-10-31 02:37:33,54.8097,105.1578,35.28,63,99,1.41,overcast clouds
411,Palmer,US,2021-10-31 02:37:12,42.1584,-72.3287,58.89,86,90,6.91,mist
412,Puerto Madero,MX,2021-10-31 02:37:34,14.7208,-92.4215,75.4,100,90,2.3,overcast clouds
413,Vostok,RU,2021-10-31 02:37:34,46.4856,135.8833,45.41,57,74,3.87,broken clouds
414,Korla,CN,2021-10-31 02:37:34,41.7597,86.1469,50.88,36,3,5.01,clear sky
415,Dicabisagan,PH,2021-10-31 02:37:35,17.0818,122.4157,81.48,70,55,5.59,broken clouds
416,Maryborough,AU,2021-10-31 02:37:35,-25.5333,152.7,80.55,51,66,15.59,broken clouds
417,Guntur,IN,2021-10-31 02:37:35,16.3,80.45,82.29,86,91,5.93,overcast clouds
418,Pocone,BR,2021-10-31 02:37:36,-16.2567,-56.6228,75.69,80,61,1.43,broken clouds
419,Torbay,CA,2021-10-31 02:37:36,47.6666,-52.7314,39.97,78,1,4.61,clear sky
420,Verkhoyansk,RU,2021-10-31 02:37:36,67.5447,133.385,-4.25,94,45,1.72,scattered clouds
421,Kalakamati,BW,2021-10-31 02:37:36,-20.5929,27.3121,69.1,50,4,3.98,clear sky
422,Puerto Carreno,CO,2021-10-31 02:37:37,6.189,-67.4859,75.9,91,70,5.48,broken clouds
423,Panalingaan,PH,2021-10-31 02:37:37,8.7842,117.4231,85.69,69,100,2.62,overcast clouds
424,Princeton,US,2021-10-31 02:37:37,25.5384,-80.4089,75.22,80,75,4.61,broken clouds
425,Gwanda,ZW,2021-10-31 02:37:38,-20.9333,29.0,66.88,67,37,12.39,scattered clouds
426,Sundsvall,SE,2021-10-31 02:37:38,62.3913,17.3063,39.96,99,75,3.44,fog
427,Cerete,CO,2021-10-31 02:37:38,8.8848,-75.7905,75.25,93,100,2.77,overcast clouds
428,Doka,SD,2021-10-31 02:37:39,13.5167,35.7667,74.35,65,11,6.71,few clouds
429,Labuhan,ID,2021-10-31 02:37:39,-6.8844,112.2051,87.91,63,21,7.36,few clouds
430,Meulaboh,ID,2021-10-31 02:33:58,4.1363,96.1285,79.0,88,86,12.46,overcast clouds
431,Capoterra,IT,2021-10-31 02:37:39,39.1763,8.9718,63.54,81,40,5.75,scattered clouds
432,Kargasok,RU,2021-10-31 02:37:40,59.0556,80.8572,24.13,93,100,5.44,light snow
433,Faya,SA,2021-10-31 02:37:40,18.3851,42.4509,54.12,63,0,6.17,clear sky
434,Little Current,CA,2021-10-31 02:37:40,45.9793,-81.9248,48.25,80,100,5.99,overcast clouds
435,Caxias,PT,2021-10-31 02:37:41,38.7031,-9.2767,69.15,88,75,5.01,broken clouds
436,Vanimo,PG,2021-10-31 02:37:41,-2.6741,141.3028,83.34,79,98,6.6,overcast clouds
437,At-Bashi,KG,2021-10-31 02:37:42,41.1702,75.8106,30.79,48,100,0.67,overcast clouds
438,Abnub,EG,2021-10-31 02:37:42,27.2696,31.1511,75.42,36,100,3.65,overcast clouds
439,Mountain Home,US,2021-10-31 02:37:42,43.133,-115.6912,50.79,93,1,5.75,clear sky
440,Tommot,RU,2021-10-31 02:37:42,58.9564,126.2925,25.18,67,98,3.02,overcast clouds
441,Pacifica,US,2021-10-31 02:37:43,37.6138,-122.4869,60.8,87,75,1.99,broken clouds
442,Oussouye,SN,2021-10-31 02:37:43,12.485,-16.5469,75.18,81,100,4.45,overcast clouds
443,Fortuna,US,2021-10-31 02:37:43,40.5982,-124.1573,59.41,74,75,3.44,broken clouds
444,Sechura,PE,2021-10-31 02:37:44,-5.5569,-80.8222,64.58,81,24,13.91,few clouds
445,Evensk,RU,2021-10-31 02:37:44,61.95,159.2333,13.53,73,100,10.89,overcast clouds
446,Mbini,GQ,2021-10-31 02:37:44,1.574,9.6134,75.94,91,100,5.84,light rain
447,Quatre Cocos,MU,2021-10-31 02:37:45,-20.2078,57.7625,74.08,77,8,6.26,clear sky
448,Kieta,PG,2021-10-31 02:37:45,-6.2167,155.6333,82.72,73,100,3.31,light rain
449,Progreso,MX,2021-10-31 02:37:45,21.2833,-89.6667,71.71,63,4,5.95,clear sky
450,Ixtapa,MX,2021-10-31 02:37:46,20.7,-105.2,74.25,95,17,1.99,few clouds
451,Bajos De Haina,DO,2021-10-31 02:37:46,18.4154,-70.0332,75.16,81,0,0.94,clear sky
452,Luoyang,CN,2021-10-31 02:38:46,34.6836,112.4536,67.68,41,99,3.11,overcast clouds
453,Luena,AO,2021-10-31 02:38:47,-11.7833,19.9167,61.57,98,95,4.9,overcast clouds
454,Beira,MZ,2021-10-31 02:38:47,-19.8436,34.8389,68.09,88,40,2.3,scattered clouds
455,Kholmogory,RU,2021-10-31 02:38:47,64.2229,41.656,41.11,99,100,6.24,overcast clouds
456,Taoudenni,ML,2021-10-31 02:38:47,22.6783,-3.9836,80.04,27,50,9.91,scattered clouds
457,Broken Hill,AU,2021-10-31 02:38:48,-31.95,141.4333,65.91,20,96,10.36,overcast clouds
458,Sesimbra,PT,2021-10-31 02:38:48,38.4445,-9.1015,68.95,95,97,16.69,overcast clouds
459,Flin Flon,CA,2021-10-31 02:38:48,54.7682,-101.865,33.04,75,98,10.4,overcast clouds
460,Margate,GB,2021-10-31 02:38:49,51.3813,1.3862,55.31,84,100,1.99,overcast clouds
461,Bonfim,BR,2021-10-31 02:38:49,3.0833,-59.95,78.98,73,60,5.01,broken clouds
462,Talavera,PH,2021-10-31 02:38:49,15.6167,120.9333,85.37,58,10,6.38,clear sky
463,Dunedin,NZ,2021-10-31 02:38:50,-45.8742,170.5036,50.49,79,100,24.65,overcast clouds
464,Tiznit,MA,2021-10-31 02:38:50,29.5833,-9.5,61.66,59,0,1.19,clear sky
465,Amqui,CA,2021-10-31 02:38:50,48.4638,-67.4313,45.79,78,98,4.59,overcast clouds
466,Abu Samrah,SY,2021-10-31 02:38:51,35.3029,37.1841,60.73,67,47,5.59,scattered clouds
467,Ikovka,RU,2021-10-31 02:38:51,55.6089,64.9375,27.43,84,57,9.1,broken clouds
468,Tumpat,MY,2021-10-31 02:38:52,6.1978,102.171,87.93,83,20,3.44,few clouds
469,Amahai,ID,2021-10-31 02:38:52,-3.3333,128.9167,85.59,65,61,5.39,broken clouds
470,Pochutla,MX,2021-10-31 02:38:52,15.7432,-96.4661,72.82,90,23,3.02,few clouds
471,Baley,RU,2021-10-31 02:38:52,51.6,116.6333,32.74,26,5,4.97,clear sky
472,Pemalang,ID,2021-10-31 02:38:53,-6.9,109.3667,85.03,68,84,6.15,broken clouds
473,Itarema,BR,2021-10-31 02:38:53,-2.9248,-39.9167,79.43,80,32,10.6,scattered clouds
474,Beloha,MG,2021-10-31 02:38:53,-25.1667,45.05,67.68,77,71,7.65,broken clouds
475,Winsum,NL,2021-10-31 02:38:54,53.33,6.5208,51.98,62,98,10.94,overcast clouds
476,Saint-Georges,GD,2021-10-31 02:38:38,12.0564,-61.7485,80.28,78,20,2.3,few clouds
477,Vredefort,ZA,2021-10-31 02:38:54,-27.0081,27.3646,52.61,71,0,7.9,clear sky
478,Cabedelo,BR,2021-10-31 02:38:54,-6.9811,-34.8339,79.47,74,19,12.12,few clouds
479,Powell River,CA,2021-10-31 02:38:55,49.8496,-124.5361,46.4,93,1,0.0,clear sky
480,Pratapgarh,IN,2021-10-31 02:38:55,24.0333,74.7833,70.61,41,10,3.18,clear sky
481,Cacule,BR,2021-10-31 02:38:55,-14.5033,-42.2222,71.6,77,41,8.7,scattered clouds
482,Lincoln,US,2021-10-31 02:37:47,40.8,-96.667,54.84,71,1,4.0,clear sky
483,Aldan,RU,2021-10-31 02:38:56,58.6031,125.3894,23.68,81,99,8.5,overcast clouds
484,Storsteinnes,NO,2021-10-31 02:38:56,69.2408,19.2344,37.38,91,98,5.21,overcast clouds
485,Benoy,TD,2021-10-31 02:38:56,8.9833,16.3199,75.69,65,100,2.55,overcast clouds
486,San Buenaventura,MX,2021-10-31 02:38:57,27.0833,-101.5333,72.32,27,0,2.06,clear sky
487,Caravelas,BR,2021-10-31 02:38:57,-17.7125,-39.2481,72.0,91,100,5.77,overcast clouds
488,Soltsy,RU,2021-10-31 02:38:57,58.1239,30.3238,44.38,89,34,8.12,scattered clouds
489,Puerto Escondido,MX,2021-10-31 02:38:58,15.85,-97.0667,79.45,82,20,2.44,few clouds
490,Bonavista,CA,2021-10-31 02:38:58,48.6499,-53.1147,37.4,57,0,3.94,clear sky
491,Manzil Salim,TN,2021-10-31 02:38:58,35.8567,8.4765,57.2,46,78,4.21,broken clouds
492,Kota Bahru,MY,2021-10-31 02:38:58,6.1333,102.2386,87.89,83,20,3.0,few clouds
493,Pangnirtung,CA,2021-10-31 02:38:59,66.1451,-65.7125,30.58,98,100,8.77,snow
494,Itoman,JP,2021-10-31 02:38:59,26.1247,127.6694,81.37,61,20,14.97,few clouds
495,Poum,NC,2021-10-31 02:38:59,-20.2333,164.0167,76.35,71,0,3.0,clear sky
496,Baghdad,IQ,2021-10-31 02:40:00,33.3406,44.4009,75.11,69,75,11.5,broken clouds
497,Portland,US,2021-10-31 02:39:47,45.5234,-122.6762,55.98,40,20,1.99,few clouds
498,Mitikas,GR,2021-10-31 02:40:01,38.6699,20.9466,58.98,62,0,4.92,clear sky
499,Matara,LK,2021-10-31 02:40:02,5.9485,80.5353,81.36,80,27,3.18,scattered clouds
500,San Andres,CO,2021-10-31 02:39:14,12.5847,-81.7006,84.22,79,75,8.05,broken clouds
501,Lewistown,US,2021-10-31 02:39:18,40.5992,-77.5714,55.63,97,75,0.63,mist
502,Mana,GF,2021-10-31 02:40:02,5.6592,-53.7767,78.33,85,33,6.08,scattered clouds
503,Port Lavaca,US,2021-10-31 02:40:03,28.615,-96.6261,67.05,72,1,4.61,clear sky
504,Desaguadero,PE,2021-10-31 02:40:04,-16.5656,-69.0417,49.03,65,97,7.87,overcast clouds
505,Maragogi,BR,2021-10-31 02:36:36,-9.0122,-35.2225,76.66,72,19,9.17,few clouds
506,Sur,OM,2021-10-31 02:40:04,22.5667,59.5289,81.16,64,7,11.16,clear sky
507,Nishihara,JP,2021-10-31 02:40:05,26.1842,127.7558,80.65,61,40,11.5,scattered clouds
508,Japura,ID,2021-10-31 02:40:06,-0.3167,102.35,89.02,62,10,0.63,clear sky
509,Namatanai,PG,2021-10-31 02:40:06,-3.6667,152.4333,83.14,76,100,8.52,moderate rain
510,Skibbereen,IE,2021-10-31 02:40:07,51.55,-9.2667,48.0,76,70,19.57,broken clouds
511,Namibe,AO,2021-10-31 02:40:07,-15.1961,12.1522,65.17,80,73,5.73,broken clouds
512,Beitbridge,ZW,2021-10-31 02:40:07,-22.2167,30.0,67.37,76,3,24.47,clear sky
513,Sistranda,NO,2021-10-31 02:40:08,63.7256,8.834,53.91,71,100,31.59,light rain
514,Katsuura,JP,2021-10-31 02:40:08,35.1333,140.3,65.1,75,98,8.21,light rain
515,Devils Lake,US,2021-10-31 02:40:08,48.1128,-98.8651,37.94,67,40,5.01,scattered clouds
516,Ardakan,IR,2021-10-31 02:40:09,32.31,54.0175,57.58,32,5,4.99,clear sky
517,Severnyy,RU,2021-10-31 02:40:09,50.677,36.5532,35.64,93,0,2.24,mist
518,Ayan,RU,2021-10-31 02:40:09,56.45,138.1667,25.11,44,0,15.64,clear sky
519,Sault Sainte Marie,CA,2021-10-31 02:38:56,46.5168,-84.3333,50.9,76,1,5.75,clear sky
520,Raudeberg,NO,2021-10-31 02:40:10,61.9875,5.1352,53.87,73,100,3.0,overcast clouds
521,Yulara,AU,2021-10-31 02:40:10,-25.2406,130.9889,67.84,64,90,5.75,overcast clouds
522,Comiso,IT,2021-10-31 02:40:10,36.9513,14.6102,61.41,85,100,3.24,light rain
523,Shestakovo,RU,2021-10-31 02:40:11,56.4915,103.96,36.46,88,100,5.44,overcast clouds
524,Grand-Santi,GF,2021-10-31 02:40:11,4.25,-54.3833,72.39,98,59,1.95,broken clouds
525,Inta,RU,2021-10-31 02:40:11,66.0317,60.1659,8.6,91,94,7.61,overcast clouds
526,Chicama,PE,2021-10-31 02:40:12,-7.8447,-79.1469,64.96,81,94,6.04,overcast clouds
527,Jinxiang,CN,2021-10-31 02:40:12,27.4327,120.6062,68.77,63,1,7.45,clear sky
528,Mandal,IN,2021-10-31 02:40:12,25.45,74.5667,71.08,35,6,4.29,clear sky
529,Vanavara,RU,2021-10-31 02:40:12,60.34,102.2797,22.42,58,18,11.39,few clouds
530,Riverton,US,2021-10-31 02:40:13,40.5219,-111.9391,59.02,69,1,1.99,clear sky
531,Eureka,US,2021-10-31 02:40:13,40.8021,-124.1637,59.67,93,24,1.99,few clouds
532,Sola,VU,2021-10-31 02:40:13,-13.8833,167.55,81.19,67,10,12.48,clear sky
533,Sukhumi,GE,2021-10-31 02:40:14,43.0033,41.0153,55.51,55,0,3.56,clear sky
534,Brewster,US,2021-10-31 02:40:14,41.3973,-73.6171,57.74,96,90,0.0,mist
535,Ban Nahin,LA,2021-10-31 02:40:14,18.2418,104.2122,86.25,56,15,2.01,few clouds
536,Pamekasan,ID,2021-10-31 02:40:15,-7.1568,113.4746,86.7,65,75,7.99,broken clouds
537,Gaoua,BF,2021-10-31 02:40:15,10.2992,-3.2508,75.74,73,30,4.32,scattered clouds
538,Tazovskiy,RU,2021-10-31 02:40:15,67.4667,78.7,5.95,92,100,14.88,overcast clouds
539,Marquette,US,2021-10-31 02:40:16,46.5333,-87.6335,43.36,85,20,4.43,few clouds
540,Ahuimanu,US,2021-10-31 02:40:16,21.4447,-157.8378,81.54,72,90,6.91,overcast clouds
541,Bara,NG,2021-10-31 02:40:16,10.3744,10.7288,75.02,36,99,1.86,overcast clouds
542,Linxia,CN,2021-10-31 02:40:17,35.6003,103.2064,46.27,55,65,4.88,broken clouds
543,Tripoli,LY,2021-10-31 02:41:17,32.8752,13.1875,70.21,65,89,3.31,overcast clouds
544,Chiriguana,CO,2021-10-31 02:41:17,9.3624,-73.6031,74.21,97,100,1.48,overcast clouds
545,Alanya,TR,2021-10-31 02:41:17,36.5438,31.9998,62.73,50,72,3.85,moderate rain
546,Gravdal,NO,2021-10-31 02:41:18,68.1214,13.5031,47.75,92,100,12.33,overcast clouds
547,Gushikawa,JP,2021-10-31 02:41:18,26.3544,127.8686,80.6,58,20,9.22,few clouds
548,Erenhot,CN,2021-10-31 02:41:19,43.6475,111.9767,35.06,49,38,5.82,scattered clouds
549,Strezhevoy,RU,2021-10-31 02:41:19,60.7333,77.5889,6.78,97,96,4.05,overcast clouds
550,Abu Dhabi,AE,2021-10-31 02:36:42,24.4667,54.3667,84.2,64,0,9.26,clear sky
551,Cairns,AU,2021-10-31 02:41:19,-16.9167,145.7667,95.95,62,28,10.36,scattered clouds
552,Angra Dos Reis,BR,2021-10-31 02:41:20,-23.0067,-44.3181,69.76,94,100,0.54,overcast clouds
553,Berbera,SO,2021-10-31 02:41:20,10.4396,45.0143,81.9,72,42,12.53,light rain
554,Narasaraopet,IN,2021-10-31 02:41:20,16.25,80.0667,79.32,85,96,5.23,overcast clouds
555,Arlit,NE,2021-10-31 02:41:20,18.7369,7.3853,79.3,22,0,6.87,clear sky
556,Iquitos,PE,2021-10-31 02:41:21,-3.7481,-73.2472,78.84,89,20,2.3,few clouds
557,Bulgan,MN,2021-10-31 02:41:21,48.8125,103.5347,36.59,56,20,4.05,few clouds
558,Lumberton,US,2021-10-31 02:41:21,34.6182,-79.0086,56.34,78,96,9.89,overcast clouds
559,San Cristobal,VE,2021-10-31 02:41:22,7.7669,-72.225,66.38,99,100,1.03,overcast clouds
560,Veraval,IN,2021-10-31 02:41:22,20.9,70.3667,77.2,45,65,12.21,broken clouds
561,Yamada,JP,2021-10-31 02:41:22,39.4667,141.95,62.74,59,100,3.09,overcast clouds
562,Adrar,MR,2021-10-31 02:41:23,20.5022,-10.0711,78.87,39,100,7.16,overcast clouds
563,Kandrian,PG,2021-10-31 02:41:23,-6.2167,149.55,84.4,75,99,9.89,moderate rain
564,Duiwelskloof,ZA,2021-10-31 02:41:23,-23.6934,30.14,61.03,83,100,5.53,overcast clouds
565,Apolda,DE,2021-10-31 02:41:24,51.0167,11.5,55.44,80,100,7.78,overcast clouds
566,Rovaniemi,FI,2021-10-31 02:41:24,66.5,25.7167,38.61,100,90,5.75,fog
567,Changli,CN,2021-10-31 02:41:24,39.7042,119.1506,55.33,57,65,11.01,broken clouds
568,Nizhniy Kuranakh,RU,2021-10-31 02:41:25,58.8353,125.4869,26.74,77,99,5.88,overcast clouds
569,Brae,GB,2021-10-31 02:41:25,60.3964,-1.353,49.91,82,100,28.32,overcast clouds
570,Bandarbeyla,SO,2021-10-31 02:41:25,9.4942,50.8122,78.69,79,97,9.82,light rain
571,Aksarayskiy,RU,2021-10-31 02:41:26,46.7924,48.0119,33.75,79,0,3.96,clear sky
572,Belaya Gora,RU,2021-10-31 02:41:26,68.5333,146.4167,6.1,96,99,4.56,overcast clouds
573,Salinas,US,2021-10-31 02:41:26,36.6777,-121.6555,60.89,85,90,6.91,overcast clouds
574,Santa Teresa,VE,2021-10-31 02:41:27,10.2341,-66.6631,80.42,98,100,0.89,overcast clouds
575,Yar-Sale,RU,2021-10-31 02:41:27,66.8333,70.8333,4.68,90,16,14.14,few clouds
576,Cape Coast,GH,2021-10-31 02:41:27,5.1053,-1.2466,77.54,90,100,9.26,overcast clouds
577,Tambun,ID,2021-10-31 02:41:27,-6.2641,107.0712,87.84,70,20,4.61,few clouds
578,Okhotsk,RU,2021-10-31 02:41:28,59.3833,143.3,16.86,65,90,23.31,overcast clouds
579,Maloh,PH,2021-10-31 02:41:28,9.056,122.9851,83.5,72,99,10.31,overcast clouds
580,Bourail,NC,2021-10-31 02:41:28,-21.5667,165.4833,80.01,59,2,13.2,clear sky
581,Altay,CN,2021-10-31 02:41:29,47.8667,88.1167,40.64,70,100,3.69,overcast clouds
582,Locri,IT,2021-10-31 02:41:29,38.2414,16.2623,64.98,93,100,1.25,overcast clouds
583,Durban,ZA,2021-10-31 02:41:29,-29.8579,31.0292,64.02,83,4,4.0,clear sky
584,Severo-Yeniseyskiy,RU,2021-10-31 02:41:30,60.3725,93.0408,15.96,83,100,11.56,overcast clouds
585,La Romana,DO,2021-10-31 02:41:30,18.4273,-68.9728,82.13,94,20,0.0,few clouds
586,Rurrenabaque,BO,2021-10-31 02:41:30,-14.4413,-67.5278,78.4,68,44,3.04,scattered clouds
587,Ouadda,CF,2021-10-31 02:41:31,8.0777,22.4007,67.23,66,98,1.7,overcast clouds
588,Otradnoye,RU,2021-10-31 02:42:31,59.7775,30.8181,45.18,94,86,6.71,overcast clouds
589,Yaring,TH,2021-10-31 02:42:31,6.8662,101.3689,83.28,73,95,3.33,overcast clouds
590,Diamantino,BR,2021-10-31 02:42:31,-14.4086,-56.4461,76.23,71,28,2.71,scattered clouds
591,Kaiyuan,CN,2021-10-31 02:42:32,23.6977,103.3037,65.97,85,97,4.54,overcast clouds
592,Merano,IT,2021-10-31 02:42:32,46.6682,11.1595,52.12,76,96,1.99,overcast clouds
593,Otavi,NA,2021-10-31 02:42:32,-19.65,17.3333,69.96,24,2,7.34,clear sky
594,Inhambane,MZ,2021-10-31 02:42:33,-23.865,35.3833,69.15,79,15,5.64,few clouds
595,Wad Madani,SD,2021-10-31 02:42:33,14.4012,33.5199,82.85,27,0,10.36,clear sky
596,Indianola,US,2021-10-31 02:37:44,41.3581,-93.5574,50.86,85,1,5.17,clear sky
597,Mayumba,GA,2021-10-31 02:42:33,-3.432,10.6554,76.37,92,100,6.29,moderate rain
598,Sturgeon Falls,CA,2021-10-31 02:42:34,46.3646,-79.9326,49.08,91,100,5.55,overcast clouds
599,Rjukan,NO,2021-10-31 02:42:34,59.8789,8.5941,48.81,98,100,6.98,light rain
600,Raga,SS,2021-10-31 02:42:34,8.4596,25.678,72.97,75,93,3.71,overcast clouds
601,Dawlatabad,AF,2021-10-31 02:42:35,36.4141,64.9053,53.58,43,82,3.6,broken clouds
602,Champerico,GT,2021-10-31 02:42:35,14.3,-91.9167,82.35,81,100,5.1,overcast clouds
603,Rach Gia,VN,2021-10-31 02:42:35,10.0167,105.0833,84.15,73,73,13.91,broken clouds
604,Khudumelapye,BW,2021-10-31 02:42:35,-23.8833,24.75,63.5,25,0,7.87,clear sky
605,Luganville,VU,2021-10-31 02:42:36,-15.5333,167.1667,84.38,63,23,8.93,few clouds
606,Menongue,AO,2021-10-31 02:42:36,-14.6585,17.691,64.33,85,97,2.66,light rain
607,Sao Joao Da Barra,BR,2021-10-31 02:42:36,-21.6403,-41.0511,70.79,91,100,7.85,overcast clouds
608,Kristiinankaupunki,FI,2021-10-31 02:42:37,62.2743,21.376,44.82,95,100,7.85,overcast clouds
609,Nador,MA,2021-10-31 02:42:37,35.174,-2.9287,61.05,82,0,5.75,clear sky
610,Loveland,US,2021-10-31 02:42:24,40.3978,-105.075,52.92,64,1,1.99,clear sky
611,Barguzin,RU,2021-10-31 02:42:37,53.6167,109.6167,33.28,55,39,2.42,scattered clouds
612,Wakuya,JP,2021-10-31 02:42:38,38.5333,141.1333,60.76,62,98,4.32,overcast clouds
613,Shellbrook,CA,2021-10-31 02:42:38,53.2168,-106.4011,31.23,57,70,8.34,broken clouds
614,Muros,ES,2021-10-31 02:42:38,42.7762,-9.0603,67.23,91,100,19.69,overcast clouds
615,Daura,NG,2021-10-31 02:42:39,11.5538,11.4085,77.29,18,100,5.88,overcast clouds
616,Gat,IL,2021-10-31 02:42:39,31.61,34.7642,74.39,63,98,8.79,overcast clouds
617,San Vicente,AR,2021-10-31 02:42:39,-26.6167,-54.1333,60.71,97,100,2.15,overcast clouds
618,Wajid,SO,2021-10-31 02:42:40,3.8093,43.2471,72.91,79,29,14.72,scattered clouds
619,Dhidhdhoo,MV,2021-10-31 02:42:40,6.8833,73.1,80.51,80,29,7.49,scattered clouds
620,Araouane,ML,2021-10-31 02:42:40,18.9048,-3.5265,80.58,25,54,10.47,broken clouds
621,Fortuna Foothills,US,2021-10-31 02:42:40,32.6578,-114.4119,80.69,31,1,1.99,clear sky
622,Lorengau,PG,2021-10-31 02:42:41,-2.0226,147.2712,83.79,76,80,7.45,broken clouds
623,Sasovo,RU,2021-10-31 02:42:41,54.3537,41.9199,42.19,91,14,8.01,few clouds
624,Broome,US,2021-10-31 02:42:41,42.2506,-75.833,53.37,80,20,1.99,few clouds
625,Jiwani,PK,2021-10-31 02:42:42,25.05,61.7417,81.09,42,0,7.99,clear sky
626,Aykhal,RU,2021-10-31 02:39:07,66.0,111.5,19.8,97,100,9.95,light snow
627,Flagstaff,US,2021-10-31 02:42:41,35.1981,-111.6513,56.86,44,1,4.0,clear sky
628,Bulaevo,KZ,2021-10-31 02:41:16,54.9056,70.4439,29.66,92,99,16.17,overcast clouds
629,Maues,BR,2021-10-31 02:42:42,-3.3836,-57.7186,77.59,78,73,1.32,broken clouds
630,Keti Bandar,PK,2021-10-31 02:42:43,24.1447,67.4497,80.94,57,21,8.43,few clouds
631,Astana,KZ,2021-10-31 02:42:43,51.1801,71.446,37.35,93,75,20.13,broken clouds
632,Kapuskasing,CA,2021-10-31 02:42:16,49.4169,-82.4331,33.89,100,1,1.14,clear sky
633,Malakal,SS,2021-10-31 02:42:43,9.5334,31.6605,75.09,71,46,3.53,scattered clouds
634,Mabai,CN,2021-10-31 02:42:44,23.0128,104.4508,57.92,98,100,2.98,overcast clouds
635,Carutapera,BR,2021-10-31 02:42:44,-1.195,-46.02,78.22,83,35,6.24,scattered clouds
636,Lima,PE,2021-10-31 02:43:44,-12.0432,-77.0282,64.9,81,90,10.36,overcast clouds
637,Canarana,BR,2021-10-31 02:43:44,-11.6847,-41.7689,69.73,80,12,10.87,few clouds
638,Eyemouth,GB,2021-10-31 02:43:45,55.8713,-2.0901,39.24,86,89,9.66,overcast clouds
639,Sheridan,US,2021-10-31 02:43:45,44.8333,-106.9173,34.66,85,90,4.0,light snow
640,Tezu,IN,2021-10-31 02:43:45,27.9167,96.1667,73.4,49,96,0.85,overcast clouds
641,Yuzhnyy,RU,2021-10-31 02:43:46,53.2542,83.6936,32.38,93,75,11.18,broken clouds
642,Grafton,US,2021-10-31 02:43:37,42.207,-71.6856,60.15,87,90,5.75,light rain
643,Antofagasta,CL,2021-10-31 02:43:46,-23.65,-70.4,60.08,76,25,1.77,scattered clouds
644,Grand Valley,CA,2021-10-31 02:43:46,43.9001,-80.3164,45.61,98,100,6.11,overcast clouds
645,Makaha,US,2021-10-31 02:43:47,21.4694,-158.2175,81.73,65,1,13.8,clear sky
646,Bayan,CN,2021-10-31 02:43:47,46.0833,127.4,39.78,70,100,0.81,moderate rain
647,Guerrero Negro,MX,2021-10-31 02:43:47,27.9769,-114.0611,66.02,85,0,11.56,clear sky
648,Itaqui,BR,2021-10-31 02:39:47,-29.1253,-56.5531,69.6,81,63,7.49,broken clouds
649,Shenjiamen,CN,2021-10-31 02:43:48,29.9576,122.298,67.82,70,25,10.63,scattered clouds
650,Bethanien,NA,2021-10-31 02:43:48,-26.502,17.1583,67.35,30,0,4.29,clear sky
651,Angoche,MZ,2021-10-31 02:43:48,-16.2325,39.9086,72.25,85,0,8.23,clear sky
652,Sangin,AF,2021-10-31 02:43:49,32.0728,64.8359,60.58,19,0,5.57,clear sky
653,Nauta,PE,2021-10-31 02:43:49,-4.5061,-73.5757,75.9,86,47,2.08,scattered clouds
654,Kiyasovo,RU,2021-10-31 02:43:49,56.3491,53.1244,41.83,97,100,7.29,light rain
655,Changji,CN,2021-10-31 02:43:50,44.0167,87.3167,47.19,61,0,2.24,clear sky
656,Sorland,NO,2021-10-31 02:43:50,67.667,12.6934,48.51,91,97,14.18,overcast clouds
657,Constitucion,CL,2021-10-31 02:43:50,-35.3333,-72.4167,55.09,83,100,9.91,overcast clouds
658,Novikovo,RU,2021-10-31 02:43:51,51.1537,37.8879,39.81,84,0,3.38,clear sky
659,Gizo,SB,2021-10-31 02:43:51,-8.103,156.8419,85.89,67,86,4.54,overcast clouds
660,Udachnyy,RU,2021-10-31 02:43:51,66.4167,112.4,21.33,93,100,11.92,overcast clouds
661,Kapit,MY,2021-10-31 02:43:51,2.0167,112.9333,89.87,58,81,2.73,broken clouds
662,Cap Malheureux,MU,2021-10-31 02:43:52,-19.9842,57.6142,74.46,79,2,3.0,clear sky
663,Saint Anthony,US,2021-10-31 02:43:52,45.0205,-93.218,51.42,73,75,4.0,broken clouds
664,Troy,US,2021-10-31 02:39:08,42.6056,-83.1499,50.56,93,90,1.01,overcast clouds
665,Pemangkat,ID,2021-10-31 02:43:52,1.1667,108.9667,85.14,69,18,3.18,few clouds
666,Lehigh Acres,US,2021-10-31 02:41:12,26.6254,-81.6248,72.95,86,90,0.0,overcast clouds
667,Kysyl-Syr,RU,2021-10-31 02:43:53,63.8986,122.7617,17.82,93,100,11.95,light snow
668,Davila,PH,2021-10-31 02:43:53,18.4726,120.5763,85.98,58,4,11.23,clear sky
669,Jatai,BR,2021-10-31 02:43:53,-17.8814,-51.7144,69.84,79,77,4.5,light rain
670,Kardzhin,RU,2021-10-31 02:43:54,43.2737,44.2907,41.45,88,0,0.49,clear sky
671,Maturin,VE,2021-10-31 02:43:54,9.75,-63.1767,71.49,94,95,3.4,overcast clouds
672,Kamaishi,JP,2021-10-31 02:43:54,39.2667,141.8833,56.35,63,100,7.54,overcast clouds
673,Dobre Miasto,PL,2021-10-31 02:43:55,53.9867,20.3975,39.88,68,8,11.3,clear sky
674,Gisborne,NZ,2021-10-31 02:43:55,-38.6533,178.0042,68.95,60,100,9.57,overcast clouds
675,Katobu,ID,2021-10-31 02:43:55,-4.9408,122.5276,88.79,58,91,3.67,overcast clouds
676,Pomabamba,PE,2021-10-31 02:43:56,-8.8333,-77.4667,52.86,79,67,3.56,light rain
677,Mayo,US,2021-10-31 02:43:56,38.8876,-76.5119,58.95,90,90,1.01,overcast clouds
678,Dauriya,RU,2021-10-31 02:43:56,49.9333,116.8667,30.52,36,3,4.36,clear sky
679,Lipnita,RO,2021-10-31 02:43:57,44.1,27.6,51.82,80,55,5.68,broken clouds
680,Banamba,ML,2021-10-31 02:43:57,13.55,-7.45,79.11,34,67,4.27,broken clouds
681,Khandbari,NP,2021-10-31 02:43:57,27.3747,87.2039,65.53,79,41,2.19,scattered clouds
682,Balykshi,KZ,2021-10-31 02:44:58,47.0667,51.8667,32.0,93,6,0.0,mist
683,Vardo,NO,2021-10-31 02:44:58,70.3705,31.1107,38.79,79,84,12.3,broken clouds
684,Hami,CN,2021-10-31 02:44:58,42.8,93.45,54.23,36,100,6.4,overcast clouds
685,Fare,PF,2021-10-31 02:44:22,-16.7,-151.0167,78.26,71,4,16.08,clear sky
686,Bambanglipuro,ID,2021-10-31 02:44:59,-7.95,110.2833,83.97,74,100,8.84,overcast clouds
687,Hornepayne,CA,2021-10-31 02:44:59,49.2138,-84.7705,41.2,78,98,3.71,overcast clouds
688,Hambantota,LK,2021-10-31 02:44:59,6.1241,81.1185,77.34,100,40,3.44,scattered clouds
689,Gamba,GA,2021-10-31 02:44:59,-2.65,10.0,75.51,92,100,4.41,moderate rain
690,Athabasca,CA,2021-10-31 02:44:38,54.7169,-113.2854,31.03,54,0,7.18,clear sky
691,Batemans Bay,AU,2021-10-31 02:45:00,-35.7167,150.1833,73.2,46,1,10.76,clear sky
692,Magistralnyy,RU,2021-10-31 02:45:00,56.1725,107.4458,35.83,57,100,3.36,overcast clouds
693,Lasa,IT,2021-10-31 02:45:01,46.6166,10.7002,45.48,94,100,2.17,overcast clouds
694,Hirado,JP,2021-10-31 02:45:01,33.3597,129.5531,69.15,65,6,18.97,clear sky
695,Amga,RU,2021-10-31 02:45:02,60.8953,131.9608,14.4,78,40,4.43,scattered clouds
696,Poronaysk,RU,2021-10-31 02:45:03,49.2167,143.1167,33.85,92,100,9.46,light rain
697,Aklavik,CA,2021-10-31 02:45:03,68.2191,-135.0107,18.32,89,92,9.01,overcast clouds
698,Matagami,CA,2021-10-31 02:45:04,49.7502,-77.6328,39.31,75,90,6.91,overcast clouds
699,El Tigre,VE,2021-10-31 02:45:05,8.8875,-64.2454,75.18,83,94,6.87,moderate rain
700,Sahuaripa,MX,2021-10-31 02:45:05,29.05,-109.2333,69.49,41,2,4.59,clear sky
701,Erzin,TR,2021-10-31 02:45:05,36.9559,36.2,63.32,71,44,6.53,scattered clouds
702,Belmonte,BR,2021-10-31 02:45:06,-15.8631,-38.8828,75.7,86,73,5.5,broken clouds
703,Mercedes,AR,2021-10-31 02:45:06,-34.6515,-59.4307,74.64,76,4,10.33,clear sky
704,Lazurne,UA,2021-10-31 02:45:07,46.084,32.5295,48.63,87,3,16.98,clear sky
